{
  "project_info": {
    "project_number": "",
    "firebase_url": "",
    "project_id": "",
    "storage_bucket": ""
  },
  "client": [
    {
      "client_info": {
        "mobilesdk_app_id": "1:111111111111:android:1111111111111111",
        "android_client_info": {
          "package_name": "com.moodle.moodlemobile"
        }
      },
      "oauth_client": [
        {
          "client_id": "",
          "client_type": 3
        }
      ],
      "api_key": [
        {
          "current_key": ""
        },
        {
          "current_key": ""
        }
      ],
      "services": {
        "analytics_service": {
          "status": 1
        },
        "appinvite_service": {
          "status": 1,
          "other_platform_oauth_client": []
        },
        "ads_service": {
          "status": 2
        }
      }
    }
  ],
  "configuration_version": "1"
}